"cl-app-anchor href","no-image-hidden src","label","meta","meta 2","result-location","cl-thumb src"
"https://sacramento.craigslist.org/lgl/d/lafayette-full-time-paralegal-remote/7920559238.html","https://www.craigslist.org/images/d/7920559238/empty.png","Full-time Paralegal (Remote)","DOE","1h ago","",""
"https://sfbay.craigslist.org/pen/sls/d/san-mateo-become-farmers-insurance-agent/7920542839.html","https://www.craigslist.org/images/d/7920542839/empty.png","BECOME A FARMERS INSURANCE AGENT!","$100,000 - $117,000 base for year 1 wit...Farmers Insurance Group","2h ago","san mateo",""
"https://sacramento.craigslist.org/sls/d/sacramento-wfh-sales-executive-new/7920518878.html","https://www.craigslist.org/images/d/7920518878/empty.png","🚀 [WFH] Sales Executive-NEW AGENT $20,000 CASH PROGRAM! +Residuals!","$7,800-$15,600+ per monthEnterprise Sales Software Inc","3h ago","Jupiter",""
"https://sacramento.craigslist.org/sls/d/vacaville-experienced-d2d-solar-sales/7920516912.html","https://www.craigslist.org/images/d/7920516912/empty.png","Experienced D2D Solar Sales","100% commission based.  Performance bon...Patriot Consulting LLC","4h ago","",""
"https://sfbay.craigslist.org/eby/hea/d/oakland-central-service-processing/7920380756.html","https://www.craigslist.org/images/d/7920380756/empty.png","Central Service/Processing Technician","NegotiableThe Surgery Center of Alta Bates Summit Medical C...","3/10","oakland north / temescal",""
"https://tampa.craigslist.org/hdo/sls/d/brentwood-appointment-setter/7920312542.html","https://www.craigslist.org/images/d/7920312542/empty.png","Appointment setter","Weekly bonusIndoor media","3/10","Brentwood",""
"https://sfbay.craigslist.org/pen/mar/d/belmont-work-from-home-remote/7920293861.html","https://www.craigslist.org/images/d/7920293861/empty.png","Work From Home - Remote Opportunity","Commission pay onlyThe Wellness Company","3/10","belmont",""
"https://stockton.craigslist.org/csr/d/stockton-retail-burnout-start-career/7920105635.html","https://www.craigslist.org/images/d/7920105635/empty.png","Retail Burnout? Start a Career Working Remote","$75,000+Pinnacle Opportunity Group","3/9","",""
"https://austin.craigslist.org/sls/d/brentwood-appointment-setter/7920059710.html","https://www.craigslist.org/images/d/7920059710/empty.png","Appointment setter","Weekly bonusIndoor media","3/9","Brentwood",""
"https://sfbay.craigslist.org/sfc/mar/d/san-francisco-home-based-digital/7920057647.html","https://www.craigslist.org/images/d/7920057647/empty.png","✅ Home-Based Digital Marketing Opportunity (Part-Time or Full-Time)","Sell just 2 websites per week and you c...SiteSwan","3/9","city of san francisco",""
"https://sfbay.craigslist.org/pen/hea/d/redwood-city-now-hiring-registered/7919976910.html","https://www.craigslist.org/images/d/7919976910/empty.png","Now Hiring Registered Dental Hygienist/Dentist willing to do Hygiene","Negotiable based on experience 650 upto...Redwoodshores Dental Care","3/8","redwood shores",""
"https://sfbay.craigslist.org/pen/hea/d/redwood-city-were-hiring-registered/7919975375.html","https://www.craigslist.org/images/d/7919975375/empty.png","We're Hiring: Registered Dental Assistant 🌟","Negotiable based on experience AND SKIL...DENTAL OFFICE","3/8","redwood shores",""
"https://sfbay.craigslist.org/eby/rej/d/walnut-creek-investment-real-estate/7919902968.html","https://www.craigslist.org/images/d/7919902968/empty.png","Investment Real Estate Sales","Commission Only.The Pinza Group","3/8","walnut creek",""
"https://sfbay.craigslist.org/sfc/acc/d/san-francisco-forex-crypto-trader-trade/7919862794.html","","Forex & Crypto Trader - Trade Firm Capital","Performance-based; profit split 60–90%Maverick Currencies","3/8","financial district","https://images.craigslist.org/d/7919862794/00s0s_fiG8wHiRf25_06105D_50x50c.jpg"
"https://sfbay.craigslist.org/sfc/hea/d/san-francisco-energetic-group-fitness/7919803364.html","","Energetic Group Fitness Instructor wanted - Women's Fitness Studio","The position pays $85 per hour long cla...N Motion Fitness Studio For Women","3/7","USF / panhandle","https://images.craigslist.org/d/7919803364/00z0z_fCUOLXiOF5w_0CI0t2_50x50c.jpg"
"https://sfbay.craigslist.org/eby/sls/d/newark-work-from-home/7919701806.html","","$$$...Work From Home...$$$","$300,000.00 to $750,000.00 first year p...Mom and Pop Business Funding","3/7","fremont / union city / newark","https://images.craigslist.org/d/7919701806/00f0f_6q1V83mmKP3_06b06a_50x50c.jpg"
"https://sfbay.craigslist.org/sfc/lgl/d/san-francisco-need-attorney-to-help/7919541677.html","https://www.craigslist.org/images/d/7919541677/empty.png","Need attorney to help with housing case","Negotiable","3/6","downtown / civic / van ness",""
"https://sfbay.craigslist.org/eby/rej/d/pleasanton-alternative-mortgage/7919339165.html","https://www.craigslist.org/images/d/7919339165/empty.png","Alternative Mortgage Originator","100% commission basedPacificwide Lending","3/5","dublin / pleasanton / livermore",""
"https://sfbay.craigslist.org/pen/acc/d/south-san-francisco-quickbooks/7919334627.html","https://www.craigslist.org/images/d/7919334627/empty.png","QUICKBOOKS CERTIFIED BOOKKEEPER - REMOTE (Law Firm Exp Preferred)","34/hr","3/5","south san francisco",""
"https://sacramento.craigslist.org/sls/d/sacramento-become-pattern-day-trading/7919301095.html","","Become a Pattern Day Trading Fund Manager - Work From Anywhere!","$0 to $150,000+TEAMDayTrade","3/5","Online","https://images.craigslist.org/d/7919301095/00q0q_h9SCtf5JxJK_0g80g8_50x50c.jpg"
"https://sfbay.craigslist.org/eby/lgl/d/oakland-hybrid-workers-comp-attorney/7919273180.html","https://www.craigslist.org/images/d/7919273180/empty.png","Hybrid - Workers' Comp Attorney Needed to Join Great Team!","$100,000-$220,000Michael Sullivan & Associates LLP","3/5","Oakland - CA",""
"https://sacramento.craigslist.org/lgl/d/sacramento-hybrid-workers-comp-attorney/7919270584.html","","Hybrid - Workers' Comp Attorney Needed to Join Great Team!","$100,000-$220,000Michael Sullivan & Associates LLP","3/5","Sacramento","https://images.craigslist.org/d/7919270584/01111_4qSigtC40pg_05B03I_50x50c.jpg"
"https://sacramento.craigslist.org/sls/d/sacramento-hottest-remote-work-earn/7919125807.html","https://www.craigslist.org/images/d/7919125807/empty.png","🔥🔥🔥 HOTTEST REMOTE WORK – EARN $1,300 Just Booking Appointments →","$1000+ commissionsReferrals TV","3/4","",""
"https://sfbay.craigslist.org/sby/sls/d/san-jose-earn-big-commissions/7919121546.html","https://www.craigslist.org/images/d/7919121546/empty.png","🔴 Earn BIG COMMISSIONS Scheduling Appts with Homeowners 🔴","strong commissions of $1,300+Referrals TV","3/4","south bay area",""
"https://modesto.craigslist.org/lab/d/turlock-grinder-operator/7919060647.html","https://www.craigslist.org/images/d/7919060647/empty.png","Grinder Operator","17.50-20.00Nordic Saw and Tool","3/4","Turlock",""
"https://sfbay.craigslist.org/scz/fbh/d/scotts-valley-experienced-meat-clerk/7919037798.html","https://www.craigslist.org/images/d/7919037798/empty.png","Experienced Meat Clerk Positions w/ Benefits starting at $20 or BOE","$20 or BOE","3/4","scotts valley",""
"https://stockton.craigslist.org/etc/d/sacramento-surrogates-needed-earn-women/7919022418.html","","Surrogates needed earn $100,000+ women helping women","$50,000+Nation Wide Egg Donation & Surrogacy","3/4","","https://images.craigslist.org/d/7919022418/00m0m_D3KEDP2YdT_0uY0lR_50x50c.jpg"
"https://stockton.craigslist.org/etc/d/stockton-moms-earn-to-become-surrogate/7918844650.html","","❤️ Moms Earn $125,000+ to Become a Surrogate from Home - Surrogacy!","Experienced Surrogate $125,000 - 1st ti...Surrogacy Agency Conceptual Options, LLC","3/3","Stockton","https://images.craigslist.org/d/7918844650/00b0b_3E9HCwzJF2l_0kE0cU_50x50c.jpg"
"https://sfbay.craigslist.org/sby/lgl/d/san-jose-family-law-attorney/7918731303.html","https://www.craigslist.org/images/d/7918731303/empty.png","Family Law Attorney","$115,000.00 to $250,000.00Hoover Krepelka, LLP","3/2","san jose downtown",""
"https://sfbay.craigslist.org/sfc/lgl/d/san-francisco-contract-manager/7918654219.html","https://www.craigslist.org/images/d/7918654219/empty.png","Contract Manager","The starting compensation range for thi...Homebase","3/2","financial district",""
"https://sfbay.craigslist.org/sfc/sls/d/san-francisco-digital-marketing-sales/7918521479.html","https://www.craigslist.org/images/d/7918521479/empty.png","***Digital Marketing Sales Opportunity (Work From Home)","Sell just 2 websites per week and you c...SiteSwan","3/2","city of san francisco",""
"https://sacramento.craigslist.org/sls/d/sacramento-digital-marketing-sales/7918521154.html","https://www.craigslist.org/images/d/7918521154/empty.png","***Digital Marketing Sales Opportunity (Work From Home)","Sell just 2 websites per week and you c...SiteSwan","3/2","",""
"https://sfbay.craigslist.org/sfc/web/d/felton-social-media-manager/7918489675.html","","Social media manager","Payment will vary depending on assignme...Mountain music productions","3/1","Santa Cruz","https://images.craigslist.org/d/7918489675/00B0B_340nVKx9N5v_0iA0iA_50x50c.jpg"
"https://sacramento.craigslist.org/csr/d/sacramento-customer-service-sales/7918379403.html","https://www.craigslist.org/images/d/7918379403/empty.png","Customer Service Sales Associate (Work at Home)","$65,000+ 1ST YEAR ANNUAL POTENTIAL PLUS...ACTIVRECRUIT","3/1","SACRAMENTO",""
"https://sacramento.craigslist.org/sls/d/sacramento-outside-sales-distributor/7918344263.html","","Outside Sales/Distributor---Live Stream TV & Movies (Remote)","Commission and Monthly ResidualsRumble Box, LLC","3/1","Remote","https://images.craigslist.org/d/7918344263/00909_1k5dz7v8LXH_0ci06N_50x50c.jpg"
"https://sfbay.craigslist.org/sfc/acc/d/san-francisco-market-trader-trade/7918334343.html","","Market Trader - Trade Stocks, Forex, or Crypto With Firm Capital","Performance-based; profit split 60–90%Maverick Currencies","3/1","financial district","https://images.craigslist.org/d/7918334343/00s0s_fiG8wHiRf25_06105D_50x50c.jpg"
"https://sfbay.craigslist.org/nby/sls/d/san-rafael-work-from-home/7918182550.html","","$$$...Work From Home...$$$","$300,000.00 to $750,000.00 first year p...Mom and Pop Business Funding","2/28","san rafael","https://images.craigslist.org/d/7918182550/00l0l_iMR9fbpltVj_06j06f_50x50c.jpg"
"https://sacramento.craigslist.org/rej/d/sacramento-hiring-junior-loan-officer/7918171788.html","https://www.craigslist.org/images/d/7918171788/empty.png","Hiring Junior Loan Officer: No Experience Needed. We Train!","Commission Base","2/28","Greater Sacramento",""
"https://modesto.craigslist.org/sls/d/crows-landing-life-insurance-agent/7918150635.html","","Life Insurance Agent | Unlimited Income| Work From Home","$60K-$180KSuelee Financial Services","2/28","Modesto","https://images.craigslist.org/d/7918150635/00909_14CJAk506uB_07g07g_50x50c.jpg"
"https://sfbay.craigslist.org/eby/etc/d/oakland-get-paid-to-participate-in/7918078547.html","https://www.craigslist.org/images/d/7918078547/empty.png","💰 Get paid to participate in research!💰","$1750-2050","2/27","oakland downtown",""
"https://sfbay.craigslist.org/eby/etc/d/berkeley-get-paid-to-participate-in/7918078464.html","https://www.craigslist.org/images/d/7918078464/empty.png","💰Get paid to participate in research!💰","$1750-2050","2/27","berkeley",""
"https://sfbay.craigslist.org/eby/etc/d/berkeley-paid-sti-prevention-studies/7918078413.html","https://www.craigslist.org/images/d/7918078413/empty.png","💰  Paid STI prevention studies made just for women. 💰","$400","2/27","berkeley",""
"https://sfbay.craigslist.org/sby/sls/d/san-jose-sales-position-hands-on/7918066271.html","","Sales Position w/ Hands-on Training and Mentorship","Commission + Bonuses ($6k - $12k+)The Leake Agency","2/27","san jose downtown","https://images.craigslist.org/d/7918066271/00q0q_fk9wdzji6KQ_0aZ0aZ_50x50c.jpg"
"https://modesto.craigslist.org/sls/d/modesto-sales-position-hands-on/7918064309.html","","Sales Position w/ Hands-on Training and Mentorship","Commission + Bonuses ($6k - $12k+)The Leake Agency","2/27","Modesto - remote work","https://images.craigslist.org/d/7918064309/00q0q_fk9wdzji6KQ_0aZ0aZ_50x50c.jpg"
"https://sfbay.craigslist.org/eby/mar/d/oakland-digital-marketing-analyst/7918061841.html","https://www.craigslist.org/images/d/7918061841/empty.png","Digital Marketing Analyst (Remote or In Person)","$26-$32/hourGibbs Mura LLP","2/27","oakland downtown",""
"https://sfbay.craigslist.org/nby/etc/d/san-rafael-150-paid-online-focus-group/7917966838.html","","$150 – Paid Online Focus Group (March 4)","$150 (paid via PayPal or Venmo)Real Focus Group","2/27","Marin County","https://images.craigslist.org/d/7917966838/00J0J_jrEemzMwSRr_0jx0a0_50x50c.jpg"
"https://sfbay.craigslist.org/sfc/sls/d/san-francisco-remote-ad-sales/7917946225.html","https://www.craigslist.org/images/d/7917946225/empty.png","Remote Ad Sales","Performance based. No income caps.Ideal Directories","2/27","city of san francisco",""
"https://sacramento.craigslist.org/sls/d/sacramento-wfh-sales-executive-annually/7917693346.html","","🚀 [WFH] Sales Executive $120,000 - $240,000 Annually + Residuals","$7,800-$15,600+ per monthEnterprise Sales Software Inc","2/26","Jupiter","https://images.craigslist.org/d/7917693346/00T0T_dWiLPYnEBki_0CI0lM_50x50c.jpg"
"https://sfbay.craigslist.org/sby/lgl/d/lafayette-remote-personal-injury-case/7917667968.html","https://www.craigslist.org/images/d/7917667968/empty.png","Remote Personal Injury Case Manager","DOE","2/26","south bay area",""
"https://sfbay.craigslist.org/sfc/sls/d/san-francisco-earn-big-commissions/7917638274.html","https://www.craigslist.org/images/d/7917638274/empty.png","🔴 Earn BIG COMMISSIONS Scheduling Appts with Homeowners 🔴","$1,300+ commissionsReferrals TV","2/25","city of san francisco",""
"https://sacramento.craigslist.org/sls/d/sacramento-amazing-side-gig-gotta-see/7917448314.html","","Amazing Side Gig!! Gotta See this. 💲💲","Unlimited $$Ultimate Journey","2/25","Sacramento","https://images.craigslist.org/d/7917448314/00c0c_5iY1le8yFFl_0bf0eC_50x50c.jpg"
"https://sacramento.craigslist.org/spa/d/sacramento-licensed-cosmetologist-hair/7917398734.html","https://www.craigslist.org/images/d/7917398734/empty.png","Licensed Cosmetologist/Hair Stylist","HourlyMargarets Hair Gallery Inc","2/24","Arden Area",""
"https://miami.craigslist.org/mdc/mar/d/san-jose-moms-with-5k-followers-paid/7917379880.html","https://www.craigslist.org/images/d/7917379880/empty.png","Moms with 5K+ Followers – Paid Brand Ambassador for Children’s Comfort","Commission-based: $7 per Comfort Editio...Brave Little Tiger LLC","2/24","Miami",""
"https://modesto.craigslist.org/sls/d/crows-landing-the-rolls-royce-of-side/7917379513.html","","The ROLLS-ROYCE of Side Gigs (Work From Home – No Experience Needed)","commissionGunnar Consulting","2/24","modesto","https://images.craigslist.org/d/7917379513/00y0y_ilpwQ6zorBQ_0ew0ew_50x50c.jpg"
"https://sfbay.craigslist.org/eby/etc/d/hayward-looking-for-help-in-my-daycare/7917195129.html","https://www.craigslist.org/images/d/7917195129/empty.png","Looking for Help In My Daycare","20","2/23","hayward / castro valley",""
"https://sacramento.craigslist.org/etc/d/sacramento-do-you-read-how-to-books/7917194495.html","https://www.craigslist.org/images/d/7917194495/empty.png","Do you read “how to” books? Earn up to $80 for your time","$80 after completion of second sessionStikky","2/23","Sacramento",""
"https://sfbay.craigslist.org/sfc/sls/d/san-francisco-sr-account-manager/7917164490.html","https://www.craigslist.org/images/d/7917164490/empty.png","Sr. Account Manager, Hospitality","$70,000 - $80,000 plus commissionIntrax, Inc.","2/23","financial district",""
"https://sacramento.craigslist.org/rej/d/true-100-commission-for-real-estate-dre/7917001689.html","","👦👧TRUE 100% COMMISSION® For Real Estate & DRE Loan Officers!👦👧","Retain Your Commission On Real Estate T...Pacific Home Brokers - Pacific Property Loans","2/23","Zero Flat Fees On R.E. & Zero Monthly Fees! 858.451.4663","https://images.craigslist.org/d/7917001689/00l0l_c00ciB2N5Zf_09S09p_50x50c.jpg"
"https://sfbay.craigslist.org/sfc/acc/d/san-francisco-market-trader-trade/7916805571.html","","Market Trader - Trade Stocks, Forex, or Crypto With Firm Capital","Performance-based; profit split 60–90%Maverick Currencies","2/22","financial district","https://images.craigslist.org/d/7916805571/00s0s_fiG8wHiRf25_06105D_50x50c.jpg"
"https://sfbay.craigslist.org/nby/sls/d/pleasanton-remote-virtual-sales-broker/7916759723.html","","Remote/Virtual Sales Broker - PT or FT, No Experience Necessary","Part time $2-6k Full time $6K-12KSymmetry  Financial  Group","2/21","north bay / marin","https://images.craigslist.org/d/7916759723/00Z0Z_d8GV80ikDvK_0kO0c7_50x50c.jpg"
"https://sfbay.craigslist.org/sfc/sls/d/san-francisco-area-property-business/7916721926.html","","'Area Property Business Manager'","Low to Mid Six Figures+, Depending On M...Problem Property Solutions Inc.","2/21","San Francisco","https://images.craigslist.org/d/7916721926/00v0v_5siI8QTJSXh_0kE0kE_50x50c.jpg"
"https://sfbay.craigslist.org/eby/sls/d/concord-build-your-own-business-sales/7916694992.html","","Build Your Own Business – Sales + Training – Work From Home","Part Time 1-2 sales; /wk $1,000 - $2,00...The Goebel Agency","2/21","concord / pleasant hill / martinez","https://images.craigslist.org/d/7916694992/00d0d_5clNqtXL4oY_0g80g8_50x50c.jpg"
"https://stockton.craigslist.org/sls/d/holt-from-your-home-local-area-property/7916682351.html","","""From Your Home Local Area Property Director $187k""","$187,000 to $350,000 commissions on dea...Real Estate Underground Inc.","2/21","Stockton Area","https://images.craigslist.org/d/7916682351/00Z0Z_hujt3O4B6jn_0d30aN_50x50c.jpg"
"https://sfbay.craigslist.org/sfc/etc/d/san-francisco-remote-conversation/7916681538.html","","Remote Conversation Partner for AI Training","$17.50 - $60 per recorded hour, project...Babel Audio","2/21","financial district","https://images.craigslist.org/d/7916681538/00O0O_9XWqgG8wRoq_0hq0lM_50x50c.jpg"
"https://sacramento.craigslist.org/sls/d/sacramento-attention-so-easy-caveman/7916672952.html","https://www.craigslist.org/images/d/7916672952/empty.png","ATTENTION! | SO EASY A CAVEMAN COULD SELL IT!","Commission*","2/21","Sacramento",""
"https://stockton.craigslist.org/wri/d/stockton-freelance-writer-wanted-pay/7916600415.html","https://www.craigslist.org/images/d/7916600415/empty.png","► Freelance Writer Wanted - Pay $100 per article (Remote OK)","$100 per article","2/21","",""
"https://sfbay.craigslist.org/nby/sls/d/santa-rosa-remote-sales-warm-leads-pt/7916494091.html","","Remote Sales, Warm Leads - PT/FT Available","Commission + Bonuses ($6k - $12k+)The Leake Agency","2/20","santa rosa","https://images.craigslist.org/d/7916494091/00909_dJsvkQ5nuje_0hq0d4_50x50c.jpg"
"https://sfbay.craigslist.org/sby/sls/d/san-jose-part-time-sales-marketing-make/7916457189.html","https://www.craigslist.org/images/d/7916457189/empty.png","Part-time Sales & Marketing Make Referrals & Earn up to $4,000 A Month","Commission $1000 - $4,000 A MonthJerichoFelled LLC","2/20","san jose south",""
"https://sfbay.craigslist.org/eby/spa/d/richmond-booth-rental-opportunity-ritzy/7916312510.html","","✨ Booth Rental Opportunity – Ritzy Reuben Hair Studio","RentalRitzy Reuben LLC","2/19","richmond / point / annex","https://images.craigslist.org/d/7916312510/00s0s_1t6W40nL8Ro_0lM0t2_50x50c.jpg"
"https://modesto.craigslist.org/lab/d/brentwood-now-hiring-concrete-finishers/7916242538.html","https://www.craigslist.org/images/d/7916242538/empty.png","NOW HIRING: CONCRETE FINISHERS – Delta Fence Co. Inc","We pay for skill prove you have it. / A...Delta Fence Co Inc","2/19","",""
"https://stockton.craigslist.org/lab/d/brentwood-now-hiring-concrete-finishers/7916241934.html","https://www.craigslist.org/images/d/7916241934/empty.png","NOW HIRING: CONCRETE FINISHERS – Delta Fence Co. Inc","We pay for skill prove you have it. / A...Delta Fence Co Inc","2/19","BRENTWOOD",""
"https://sfbay.craigslist.org/eby/lab/d/brentwood-now-hiring-concrete-finishers/7916240920.html","https://www.craigslist.org/images/d/7916240920/empty.png","NOW HIRING: CONCRETE FINISHERS – Delta Fence Co. Inc","We pay for skill prove you have it. / A...Delta Fence Co Inc","2/19","alameda",""
"https://sacramento.craigslist.org/hum/d/sacramento-sales-representative/7916203042.html","","Sales Representative","AVERAGE $2,400 - $4,000 PER WEEK!bwpcareers.com","2/19","Sacramento","https://images.craigslist.org/d/7916203042/00W0W_kkHSwNOa1X9_084084_50x50c.jpg"
"https://stockton.craigslist.org/sls/d/stockton-become-pattern-day-trading/7916165352.html","","Become a Pattern Day Trading Fund Manager - Work From Anywhere!","$0 to $150,000+DTU","2/19","Online","https://images.craigslist.org/d/7916165352/00303_emusYZjqElE_0wg0oc_50x50c.jpg"
"https://sfbay.craigslist.org/sfc/fbh/d/san-francisco-partnership-opportunity/7916010704.html","","Partnership opportunity ; Sushi Chef / Sushi Man, FT / PT,","$24–$28/hr (based on experience) FT/ PT...","2/18","inner richmond","https://images.craigslist.org/d/7916010704/00Y0Y_jKU47tcXrtG_0gw0gw_50x50c.jpg"
"https://sacramento.craigslist.org/hea/d/sacramento-contract-medical-biller/7916001997.html","https://www.craigslist.org/images/d/7916001997/empty.png","Contract Medical Biller - Remote","Depending upon experience","2/18","Sacramento, CA",""
"https://sfbay.craigslist.org/sfc/rej/d/san-francisco-sr-real-estate-bus-dev/7915868887.html","","Sr. Real Estate Bus Dev/Leasing Director/Property Manager","Part time or Full Time--Monthly Paid Co...CH Real Estate Consulting","2/17","San Francisco","https://images.craigslist.org/d/7915868887/00D0D_c9huRBAeOa8_03N04R_50x50c.jpg"
"https://sfbay.craigslist.org/pen/fbh/d/palo-alto-vegan-japanese-restaurant/7915859120.html","https://www.craigslist.org/images/d/7915859120/empty.png","Vegan japanese restaurant looking for sushi chef","Part time or full timeTane vegan","2/17","Palo Alto",""
"https://sfbay.craigslist.org/sfc/fbh/d/san-francisco-flourwater-hospitality/7915660961.html","https://www.craigslist.org/images/d/7915660961/empty.png","Flour+Water Hospitality Group is hiring part-time Payroll Manager","Hourly compensation starts at $30/hour ...Flour + Water Hospitality Group","2/16","mission district",""
"https://sfbay.craigslist.org/nby/acc/d/penngrove-bookkeeping-accounting/7920454010.html","https://www.craigslist.org/images/d/7920454010/empty.png","Bookkeeping / Accounting Assistant (IC) – Hybrid Remote & On-Site","Depends on level of experienceSit Back and Relax","3/10","rohnert pk / cotati",""
"https://sacramento.craigslist.org/csr/d/sacramento-considering-fully-remote/7915519063.html","https://www.craigslist.org/images/d/7915519063/empty.png","Considering a Fully Remote Career Path?","$75,000+The McQuade Organization","2/16","",""
"https://portland.craigslist.org/wsc/sls/d/brentwood-appointment-setter/7915490025.html","https://www.craigslist.org/images/d/7915490025/empty.png","Appointment setter","Weekly bonusIndoor media","2/16","Brentwood",""
"https://sfbay.craigslist.org/eby/lgl/d/san-francisco-personal-injury-attorneys/7920099435.html","https://www.craigslist.org/images/d/7920099435/empty.png","PERSONAL INJURY ATTORNEYS - REMOTE","130,000.00 to $260,000.00 a year","3/9","east bay area",""
"https://sfbay.craigslist.org/eby/sls/d/pittsburg-remote-sales-position-warm/7915350823.html","","Remote Sales Position — Warm Leads — Earn What You’re Worth 💸","Commission + Bonuses ($6k - $12k+)The Leake Agency","2/15","pittsburg / antioch","https://images.craigslist.org/d/7915350823/00n0n_ekLefHklraD_0ne0ne_50x50c.jpg"
"https://modesto.craigslist.org/csr/d/modesto-virtual-client-services/7919918633.html","","Virtual Client Services Associate (Remote)","$45,000+ACTIVRECRUIT","3/8","Modesto","https://images.craigslist.org/d/7919918633/00H0H_g4fH4PLtIn_084084_50x50c.jpg"
"https://stockton.craigslist.org/csr/d/stockton-fully-remote-entry-level/7919896191.html","https://www.craigslist.org/images/d/7919896191/empty.png","Fully Remote - Entry Level - Customer Service","65k-85k","3/8","",""
"https://modesto.craigslist.org/wri/d/freelance-writer-wanted-pay-100-per/7915311999.html","https://www.craigslist.org/images/d/7915311999/empty.png","► Freelance Writer Wanted - Pay $100 per article (Remote OK)","$100 per article","2/15","",""
"https://sfbay.craigslist.org/sfc/acc/d/san-francisco-market-trader-trade/7915275558.html","","Market Trader - Trade Stocks, Forex, or Crypto With Firm Capital","Performance-based; profit split 60–90%Maverick Currencies","2/15","financial district","https://images.craigslist.org/d/7915275558/00s0s_fiG8wHiRf25_06105D_50x50c.jpg"
"https://sfbay.craigslist.org/sfc/wri/d/san-francisco-freelance-writer-wanted/7915257587.html","https://www.craigslist.org/images/d/7915257587/empty.png","► Freelance Writer Wanted - Pay $100 per article (Remote OK)","$100 per article","2/14","city of san francisco",""
"https://sfbay.craigslist.org/sfc/sls/d/san-francisco-sales-executive-quantum/7915214463.html","","Sales Executive – Quantum-Safe Crypto Migration","Commision w Monthly Crypto baseQuantum Proof ( QP)","2/14","lower pac hts","https://images.craigslist.org/d/7915214463/00p0p_78nIJczA2yr_0oM0gw_50x50c.jpg"
"https://sfbay.craigslist.org/sfc/sls/d/san-francisco-remote-sales/7919130950.html","","Remote Sales Representative – AI, Apps & Websites","CommisionTopSoftware","3/4","San Francisco","https://images.craigslist.org/d/7919130950/00K0K_efGu8y6ltct_0CI0CI_50x50c.jpg"
"https://sfbay.craigslist.org/sby/sls/d/san-jose-remote-debt-settlement-reps/7914855538.html","https://www.craigslist.org/images/d/7914855538/empty.png","Remote Debt Settlement Reps Needed Start Today!","Generous Commission Based Model!CBD Marketing Group","2/13","san jose east",""
"https://sfbay.craigslist.org/eby/hea/d/san-francisco-underpaid-overworked/7914734744.html","https://www.craigslist.org/images/d/7914734744/empty.png","Underpaid & Overworked Spring Health Therapists","TBDTONG ROBBINS LLP","2/12","east bay area",""
"https://sacramento.craigslist.org/sls/d/sacramento-the-rolls-royce-of-side-gigs/7914732503.html","","The ROLLS-ROYCE of Side Gigs (Work From Home – No Experience Needed)","commissionGunnar Consulting","2/12","sacramento","https://images.craigslist.org/d/7914732503/00y0y_ilpwQ6zorBQ_0ew0ew_50x50c.jpg"
"https://sfbay.craigslist.org/sfc/ofc/d/san-francisco-part-time-realtor-virtual/7918607853.html","https://www.craigslist.org/images/d/7918607853/empty.png","Part-Time Realtor Virtual Assistant (Remote)","$18 an hour","3/2","San Francisco",""
"https://sfbay.craigslist.org/eby/sls/d/richmond-photography-studio-appointment/7918591484.html","https://www.craigslist.org/images/d/7918591484/empty.png","Photography Studio Appointment Setting / Sales Rep (Remote)","Commission-based, $50 paid per finalize...Chickpea Photography Studio","3/2","Remote",""
"https://sfbay.craigslist.org/sfc/sls/d/san-francisco-remote-media-ad-sales-plus/7918404390.html","https://www.craigslist.org/images/d/7918404390/empty.png","REMOTE MEDIA AD SALES - $100,000 PLUS","$52,000 Base Draw Against CommissionsPRIMEDIA Network","3/1","San Francisco",""
"https://sacramento.craigslist.org/sls/d/sacramento-simple-powerful-method-to/7914471805.html","","✅ A Simple, Powerful Method to Retire Early ✅","$8,800+/mo. from referral fees, overrid...UR","2/11","","https://images.craigslist.org/d/7914471805/01717_kdxZqPykeos_09G05r_50x50c.jpg"
"https://sfbay.craigslist.org/nby/etc/d/san-rafael-150-paid-online-focus-group/7914401720.html","","$150 – Paid Online Focus Group (March 4)","$150 (paid via PayPal or Venmo)Real Focus Group","2/10","Marin County","https://images.craigslist.org/d/7914401720/00J0J_jrEemzMwSRr_0jx0a0_50x50c.jpg"
"https://sfbay.craigslist.org/pen/lgl/d/los-altos-appearence-atty-remote/7914351299.html","https://www.craigslist.org/images/d/7914351299/empty.png","Appearence Atty- Remote Mandatory Settlement Conference Appearence","Hourly","2/10","Remote",""
"https://sacramento.craigslist.org/hea/d/sacramento-healthcare-administrator/7914278128.html","https://www.craigslist.org/images/d/7914278128/empty.png","Healthcare Administrator Trainees Wanted - No Experience Needed","$50,000+ to startHC USA","2/10","Remote",""
"https://honolulu.craigslist.org/big/sls/d/brentwood-appointment-setter/7914244721.html","https://www.craigslist.org/images/d/7914244721/empty.png","Appointment setter","Weekly bonusIndoor media","2/10","Brentwood",""
"https://sfbay.craigslist.org/pen/edu/d/mountain-view-live-online-instructors/7914200954.html","","Live Online Instructors (fully remote)","$25-100/hrRebel Alchemy","2/10","mountain view","https://images.craigslist.org/d/7914200954/00D0D_5MtTVI8Q54p_0hq0hq_50x50c.jpg"
"https://sacramento.craigslist.org/wri/d/freelance-writer-wanted-pay-100-per/7914196114.html","https://www.craigslist.org/images/d/7914196114/empty.png","► Freelance Writer Wanted - Pay $100 per article (Remote OK)","$100 per article","2/10","Anywhere",""
"https://sfbay.craigslist.org/scz/ofc/d/san-jose-looking-for-focus-group/7917568692.html","https://www.craigslist.org/images/d/7917568692/empty.png","Looking For Focus Group Panelists - Part Time Remote Work From Home","Based on Experience","2/25","San Jose",""
"https://sfbay.craigslist.org/eby/csr/d/hayward-remote-part-time-customer/7917238986.html","https://www.craigslist.org/images/d/7917238986/empty.png","Remote Part Time Customer Service for Web Design & Marketing Company","DOE","2/24","east bay area",""
"https://sacramento.craigslist.org/acc/d/sacramento-no-sales-no-experience/7913995702.html","","***NO SALES | NO EXPERIENCE REQUIRED | AVERAGE $2400 - $4000 PER WEEK!","AVERAGE $2,400 - $4,000 PER WEEK!bwpcareers.com","2/9","Virtual","https://images.craigslist.org/d/7913995702/00W0W_kkHSwNOa1X9_084084_50x50c.jpg"
"https://sfbay.craigslist.org/sfc/mar/d/san-francisco-home-based-digital/7913988609.html","https://www.craigslist.org/images/d/7913988609/empty.png","✅ Home-Based Digital Marketing Opportunity (Part-Time or Full-Time)","Sell just 2 websites per week and you c...SiteSwan","2/9","city of san francisco",""
"https://sfbay.craigslist.org/pen/lgl/d/south-san-francisco-entry-level-full/7916337191.html","https://www.craigslist.org/images/d/7916337191/empty.png","Entry-Level Full-Time Associate Attorney (generally remote)","$70,000 to $90,000 Base Salary + Potent...ILG legal Office PC","2/19","south san francisco",""
"https://sfbay.craigslist.org/eby/lgl/d/oakland-litigation-assistant-full-time/7916279433.html","https://www.craigslist.org/images/d/7916279433/empty.png","Litigation Assistant (full time, hybrid/remote)","$26-32Gibbs Mura LLP","2/19","oakland downtown",""
"https://sfbay.craigslist.org/sfc/sls/d/daly-city-earn-6-figure-income-working/7916148422.html","https://www.craigslist.org/images/d/7916148422/empty.png","Earn a 6 Figure Income working in REMOTE SALES! ROK Financial","6 Figure Earning PotentialROK Financial","2/19","financial district",""
"https://sfbay.craigslist.org/nby/mar/d/sebastopol-remote-virtual-life-ins/7916104366.html","","Remote/Virtual Life Ins. Broker - PT or FT, No Experience Necessary","Part time $2-6k Full time $6K-12KSymmetry Financial Group","2/18","mendocino county","https://images.craigslist.org/d/7916104366/00w0w_lGaMigGAdoi_0kO0by_50x50c.jpg"
"https://sacramento.craigslist.org/edu/d/elk-grove-remote-private-teacher-1099/7915050271.html","https://www.craigslist.org/images/d/7915050271/empty.png","Remote Private Teacher (1099 Contractor)","$38 - $48/ hour RangeComputer Experts","2/13","Elk Grove",""
"https://sfbay.craigslist.org/sby/lgl/d/san-jose-administrative-legal-assistant/7914808695.html","https://www.craigslist.org/images/d/7914808695/empty.png","Administrative/Legal Assistant - Experienced (NOT REMOTE)","$25-$32Rad Law Group","2/12","san jose downtown",""
"https://sacramento.craigslist.org/gov/d/sacramento-ca-senior-financial-analyst/7914342218.html","https://www.craigslist.org/images/d/7914342218/empty.png","CA - Senior Financial Analyst - Government/Finance - Remote/Hybrid","$80,500 – $103,500 annually, depending ...Government Financial Services Joint Powers Author...","2/10","California",""
"https://sacramento.craigslist.org/acc/d/sacramento-ca-senior-financial-analyst/7914341765.html","https://www.craigslist.org/images/d/7914341765/empty.png","CA - Senior Financial Analyst - Government - Remote/Hybrid","$80,500 – $103,500 annually, depending ...Government Financial Services Joint Powers Author...","2/10","California",""
"https://sacramento.craigslist.org/sls/d/santa-rosa-life-changer-80k-plus-first/7914073557.html","","Life Changer/$80k Plus first Yr p/t/Remote/Training/Own your own Biz !","Commissions from Carriers, Team Overrid...Apex Financial Solutions/Invida","2/9","Santa Rosa ,  CA","https://images.craigslist.org/d/7914073557/00b0b_3dmbz3JXJUs_0oc0rd_50x50c.jpg"
"https://sfbay.craigslist.org/nby/acc/d/mill-valley-bookkeeper-for-property/7920564068.html","https://www.craigslist.org/images/d/7920564068/empty.png","Bookkeeper for Property Management Company","$30-40/hour (depending on experience)","51m ago","mill valley",""
"https://sfbay.craigslist.org/eby/ofc/d/richmond-office-assistant/7920551713.html","https://www.craigslist.org/images/d/7920551713/empty.png","Office Assistant","$25/ DOE","2h ago","richmond / point / annex",""
"https://sfbay.craigslist.org/scz/acc/d/soquel-finance-operations-specialist/7920525782.html","https://www.craigslist.org/images/d/7920525782/empty.png","Finance Operations Specialist / Bookkeeper - Ecommerce Brand","$35-$40/hrVital Body Therapeutics","3h ago","soquel",""
"https://sfbay.craigslist.org/nby/acc/d/belvedere-tiburon-simple-bookkeeping/7920457355.html","","Simple Bookkeeping (using Excel)","$30/hr","3/10","Tiburon","https://images.craigslist.org/d/7920457355/00P0P_1du6YOZnh7U_05505Q_50x50c.jpg"
"https://sfbay.craigslist.org/pen/ofc/d/burlingame-office-administrator-for-an/7920447536.html","https://www.craigslist.org/images/d/7920447536/empty.png","Office Administrator for an International Furniture Designer","$27 - $29 per hour, Commensurate with e...EB Style, Inc dba Eric Brand","3/10","burlingame",""
"https://sfbay.craigslist.org/nby/hea/d/santa-rosa-medical-scribe/7920433329.html","","Medical Scribe","To Commensurate w/ExperienceSanta Rosa Orthopaedics","3/10","santa rosa","https://images.craigslist.org/d/7920433329/00K0K_iLqr5bfRro9_0y80aY_50x50c.jpg"
"https://sfbay.craigslist.org/pen/etc/d/san-jose-cde-iii-client-delivery-exec/7920362322.html","","CDE III (Client Delivery Exec)","NTT DATA","3/10","peninsula","https://images.craigslist.org/d/7920362322/00j0j_aUUFW1ibZz_09G01Z_50x50c.jpg"
"https://losangeles.craigslist.org/lac/lgl/d/san-francisco-associate-attorney-wanted/7920355778.html","https://www.craigslist.org/images/d/7920355778/empty.png","Associate Attorney Wanted - Insurance Defense II","Competitive salary and comprehensive be...Goodman Neuman Hamilton LLP","3/10","central LA 213/323",""
"https://losangeles.craigslist.org/lac/lgl/d/san-francisco-associate-attorney-wanted/7920354219.html","https://www.craigslist.org/images/d/7920354219/empty.png","Associate Attorney Wanted - Insurance Defense I","Competitive salary and comprehensive be...Goodman Neuman Hamilton LLP","3/10","central LA 213/323",""
"https://sfbay.craigslist.org/sfc/lgl/d/san-francisco-japanese-fluent-gc-sr-in/7920221741.html","https://www.craigslist.org/images/d/7920221741/empty.png","Japanese Fluent GC/Sr. In-House Counsel/Corporate Counsel","$90 - $113 per hourBeacon Hill Staffing Group, LLC","3/9","SF bay area: city of san francisco",""
"https://sfbay.craigslist.org/scz/tch/d/mount-hermon-it-support-specialist/7920177337.html","https://www.craigslist.org/images/d/7920177337/empty.png","IT Support Specialist","$25.00-$30.00 per hour depending on exp...ITS","3/9","santa cruz",""
"https://sfbay.craigslist.org/sfc/gov/d/san-francisco-human-resources/7920099936.html","https://www.craigslist.org/images/d/7920099936/empty.png","Human Resources Administrative Coordinator (JO# 6616)","$5,933 - $8,305 per monthJudicial Council of California","3/9","downtown / civic / van ness",""
"https://sacramento.craigslist.org/sls/d/elk-grove-part-time-sales-reps-entry/7920052216.html","","Part Time Sales Reps – Entry Level – Immediate Openings","$26.50 base-apptVector Marketing","3/9","Elk Grove","https://images.craigslist.org/d/7920052216/01616_iDYSIrWmzah_0jm0aa_50x50c.jpg"
"https://sacramento.craigslist.org/acc/d/sacramento-entry-level-full-time/7919869954.html","https://www.craigslist.org/images/d/7919869954/empty.png","Entry Level Full-Time Bookkeeper Needed","Pay Depending on Experience","3/8","Arden Area",""
"https://sfbay.craigslist.org/sfc/etc/d/stinson-beach-associate-degree/7919844190.html","","Associate Degree Apprenticeship Program - Underwriting Associate - LA, SF, or...","$21.16 to $25.0 per hourZurich Insurance Company Ltd.","3/7","city of san francisco","https://images.craigslist.org/d/7919844190/00b0b_5r050Z39JFA_07t01L_50x50c.jpg"
"https://sfbay.craigslist.org/sfc/sls/d/san-francisco-client-delivery-executive/7919842566.html","","Client Delivery Executive","$200000 per yearNTT DATA","3/7","city of san francisco","https://images.craigslist.org/d/7919842566/00j0j_aUUFW1ibZz_09G01Z_50x50c.jpg"
"https://sfbay.craigslist.org/eby/etc/d/concord-services-support/7919736545.html","https://www.craigslist.org/images/d/7919736545/empty.png","Services - Support","Negotible upon skills and availability","3/7","Concord",""
"https://sfbay.craigslist.org/sby/acc/d/san-jose-tax-preparer-for-cpa-firm/7919707566.html","https://www.craigslist.org/images/d/7919707566/empty.png","Tax Preparer for CPA firm","Hourly","3/7","san jose west",""
"https://sfbay.craigslist.org/sfc/sls/d/san-francisco-global-sales-director-west/7919702206.html","","Global Sales Director - West","Forward Air","3/7","city of san francisco","https://images.craigslist.org/d/7919702206/00C0C_8r2YYQYxaaX_09G02X_50x50c.jpg"
"https://sfbay.craigslist.org/sby/egr/d/san-jose-architect-project-manager-job/7919614718.html","https://www.craigslist.org/images/d/7919614718/empty.png","ARCHITECT/PROJECT MANAGER/JOB CAPTAIN","$80k - $130k Depending on Qualification...","3/6","south bay area",""
"https://sfbay.craigslist.org/sby/ofc/d/los-gatos-office-admin-experience-in/7919565342.html","https://www.craigslist.org/images/d/7919565342/empty.png","Office Admin - Experience in semiconductor industry is a PLUS!","Competitive pay based on experienceInternational Business Strategies, Inc. (IBS)","3/6","los gatos",""
"https://modesto.craigslist.org/spa/d/modesto-new-salon-suites-available-now/7919521891.html","","NEW SALON SUITES - AVAILABLE NOW!","Keep 100% of your profits!Kay Taylor Salon Suites","3/6","","https://images.craigslist.org/d/7919521891/00S0S_2r6dNVoWQpe_0hq0hq_50x50c.jpg"
"https://sfbay.craigslist.org/eby/tch/d/hayward-weekends-evenings-holidays-part/7919375640.html","https://www.craigslist.org/images/d/7919375640/empty.png","Weekends, Evenings & Holidays Part Time Handyman","$40/HourTricon Homes","3/5","hayward / castro valley",""
"https://sfbay.craigslist.org/nby/ofc/d/data-entry/7919348869.html","https://www.craigslist.org/images/d/7919348869/empty.png","Data Entry","Based on experience.","3/5","petaluma",""
"https://sfbay.craigslist.org/sfc/ofc/d/san-francisco-summer-program/7919307728.html","","Summer Program Coordinator at Renowned Dance Center in SF","$26/hrAlonzo King LINES Ballet","3/5","downtown / civic / van ness","https://images.craigslist.org/d/7919307728/00f0f_igBNLuw7Nf4_0gw0b1_50x50c.jpg"
"https://sfbay.craigslist.org/eby/tch/d/oakland-support-technician-manager-for/7919264791.html","","Support Technician Manager for Monkeybrains Local ISP","$80,000 - $100,000Monkeybrains ISP","3/5","oakland west","https://images.craigslist.org/d/7919264791/00606_9w7h2lvRm4w_0bM0bI_50x50c.jpg"
"https://sfbay.craigslist.org/sfc/mar/d/san-francisco-medical-assistant/7919205852.html","https://www.craigslist.org/images/d/7919205852/empty.png","Medical Assistant Research & Content Internship","Commensurate with experienceSpringboard Roles","3/5","San Francisco, CA",""
"https://sacramento.craigslist.org/ofc/d/sacramento-intake-specialist-elder/7919058721.html","https://www.craigslist.org/images/d/7919058721/empty.png","Intake Specialist - Elder Abuse Law","DOE","3/4","",""
"https://sfbay.craigslist.org/sby/mar/d/san-jose-work-from-home/7919012365.html","https://www.craigslist.org/images/d/7919012365/empty.png","Work From Home","Residual Income/ Passive IncomeThe Wellness Store","3/4","San Jose",""
"https://sfbay.craigslist.org/sby/lgl/d/san-jose-lending-regulatory-counsel/7918937833.html","https://www.craigslist.org/images/d/7918937833/empty.png","Lending Regulatory Counsel","$100 - $120 per yearBeacon Hill Staffing Group, LLC","3/3","south bay area",""
"https://sfbay.craigslist.org/eby/bus/d/walnut-creek-seeking-account-contract/7918934356.html","https://www.craigslist.org/images/d/7918934356/empty.png","Seeking Account & Contract Manager for Environmental Compliance","commensurate with experience_","3/3","walnut creek",""
"https://sfbay.craigslist.org/eby/egr/d/oakland-part-time-cad-draftsperson/7918907445.html","https://www.craigslist.org/images/d/7918907445/empty.png","Part-Time CAD Draftsperson (Vectorworks Preferred)","Please share your hourly rate","3/3","oakland west",""
"https://sfbay.craigslist.org/pen/hea/d/south-san-francisco-registered-dental/7918882537.html","https://www.craigslist.org/images/d/7918882537/empty.png","Registered Dental Assistant (RDA) – Pediatric Office | Full-Time | SSF","$25-$35/DOEChompers Pediatric Dentistry & Orthodontics","3/3","south san francisco",""
"https://sfbay.craigslist.org/eby/ofc/d/albany-part-time-front-desk/7918871936.html","https://www.craigslist.org/images/d/7918871936/empty.png","Part-Time Front Desk Receptionist — Law Firm (Albany, CA)","$17–$21/hour, Up to 30 hours/weekLaw Firm (Albany, CA)","3/3","albany / el cerrito",""
"https://sfbay.craigslist.org/nby/med/d/sebastopol-jr-graphic-designer-product/7918860831.html","https://www.craigslist.org/images/d/7918860831/empty.png","Jr. Graphic Designer & Product Development Assistant NEEDED","$25 - $28 per hourSarah's Silks","3/3","sebastopol",""
"https://sacramento.craigslist.org/etc/d/sacramento-calling-all-momsgive-the/7918803965.html","","✨Calling all MOMS!🌟Give the gift of life and earn up to $75,000 💕","First time surrogates are compensated u...Second Bloom Surrogacy","3/3","","https://images.craigslist.org/d/7918803965/01414_jKpCBReKSkj_0kJ0t2_50x50c.jpg"
"https://stockton.craigslist.org/etc/d/french-camp-calling-all-moms-be-hero/7918803295.html","","✨Calling all MOMS!🌟 Be a Hero. Change a Life. Become a Surrogate 💕","First time surrogates up to $75,000. Ex...Second Bloom Surrogacy","3/3","","https://images.craigslist.org/d/7918803295/01414_jKpCBReKSkj_0kJ0t2_50x50c.jpg"
"https://sfbay.craigslist.org/nby/lgl/d/mill-valley-mill-valley-personal-injury/7918713843.html","https://www.craigslist.org/images/d/7918713843/empty.png","Mill Valley Personal Injury Law Firm Seeking to Hire Attorney","$110,000-250,000The Zinn Law Firm","3/2","mill valley",""
"https://sfbay.craigslist.org/sfc/rej/d/san-francisco-personal-assistant-to/7918681970.html","","Personal Assistant to Richmond District Realtor","Pay will be according to the hours work...Real Estate","3/2","richmond / seacliff","https://images.craigslist.org/d/7918681970/00Z0Z_kEiIKfvEys0_0CI0pO_50x50c.jpg"
"https://sfbay.craigslist.org/sfc/sls/d/san-francisco-experienced-b2b-brokers/7918677050.html","","Experienced B2B Brokers: Add Business Funding to Your Portfolio","Commission onlyDavid Allen Capital","3/2","financial district","https://images.craigslist.org/d/7918677050/00w0w_32g6DrsD508_034034_50x50c.jpg"
"https://sfbay.craigslist.org/pen/mar/d/stanford-marketing-events-operations/7918672908.html","https://www.craigslist.org/images/d/7918672908/empty.png","Marketing Events & Operations Specialist (part-time)","Hourly pay range: $25-$28, depending on...Embarcadero Media Foundation","3/2","palo alto",""
"https://sfbay.craigslist.org/eby/lgl/d/emeryville-mid-level-associate-attorney/7918671834.html","https://www.craigslist.org/images/d/7918671834/empty.png","Mid-Level Associate Attorney - Trust and Estate Litigation","100-200K DOE + bonusParnall Trust and Estate Law, PC","3/2","oakland north / temescal",""
"https://sacramento.craigslist.org/bus/d/sacramento-workers-compensation-claims/7918507565.html","","Workers Compensation Claims Supervisor - CA","$76,000 - $108,500Gallagher Bassett","3/2","","https://images.craigslist.org/d/7918507565/00V0V_auVlAwHgOj7_09G02w_50x50c.jpg"
"https://sfbay.craigslist.org/sfc/egr/d/san-francisco-render-draftsperson-ai/7918390607.html","","Render/draftsperson & AI integrator for an arch firm - Revit-based","Generous - varies on skills - see emplo...EAG Studio","3/1","SOMA / south beach","https://images.craigslist.org/d/7918390607/00T0T_fR5nJmBdhIZ_0wg0lv_50x50c.jpg"
"https://sfbay.craigslist.org/sfc/npo/d/san-francisco-office-manager-part-time/7918083652.html","https://www.craigslist.org/images/d/7918083652/empty.png","Office Manager (part-time)","$25-$30 per hour, DOEPeople With Disabilities Foundation","2/27","downtown / civic / van ness",""
"https://sfbay.craigslist.org/scz/trd/d/scotts-valley-parts-advisor/7918079775.html","","Parts Advisor","Starts at $35.00/hour BOECanepa","2/27","scotts valley","https://images.craigslist.org/d/7918079775/01414_c7CJhJQzoGA_0CI0pO_50x50c.jpg"
"https://sfbay.craigslist.org/scz/sls/d/scotts-valley-auto-salesperson/7918079680.html","","Auto Salesperson","$16.50/hour plus commissionCanepa","2/27","scotts valley","https://images.craigslist.org/d/7918079680/01414_cmypPmEy1MH_0wg0lx_50x50c.jpg"
"https://sfbay.craigslist.org/eby/npo/d/berkeley-program-manager-travel-guest/7918052598.html","https://www.craigslist.org/images/d/7918052598/empty.png","Program Manager, Travel - Guest Service & Administration","$75,000Cal Alumni Association","2/27","berkeley",""
"https://sfbay.craigslist.org/eby/npo/d/berkeley-program-manager-travel/7917860031.html","https://www.craigslist.org/images/d/7917860031/empty.png","Program Manager, Travel Lecturer Engagement for Cal Alumni Association","$70,000 - $80,000 + benefitsCal Alumni Association","2/26","berkeley",""
"https://sfbay.craigslist.org/sfc/lgl/d/san-francisco-litigation-paralegal/7917843914.html","https://www.craigslist.org/images/d/7917843914/empty.png","**Litigation Paralegal (Personal Injury Litigation)**","$40.00 per hour","2/26","city of san francisco",""
"https://sfbay.craigslist.org/scz/med/d/aptos-graphic-designer/7917750133.html","https://www.craigslist.org/images/d/7917750133/empty.png","Graphic Designer","DOEJaguar Design Studio","2/26","aptos",""
"https://sacramento.craigslist.org/sls/d/sacramento-sales-work-remotely/7917746521.html","","🔥Sales – Work Remotely | Unlimited Income| Be Your Own Boss","$60K-$170KThe Vetter Agency","2/26","","https://images.craigslist.org/d/7917746521/00S0S_djJ4zNJ3Ee6_0gu0da_50x50c.jpg"
"https://sfbay.craigslist.org/sfc/egr/d/san-francisco-intermediate/7917606220.html","https://www.craigslist.org/images/d/7917606220/empty.png","Intermediate Architectural Designer","95-115KQA","2/25","downtown / civic / van ness",""
"https://sfbay.craigslist.org/sfc/egr/d/san-francisco-project-manager/7917605691.html","https://www.craigslist.org/images/d/7917605691/empty.png","Project Manager","110-125KQA","2/25","downtown / civic / van ness",""
"https://sfbay.craigslist.org/eby/tfr/d/dublin-gigging-10-piece-weddingevents/7917602307.html","","Gigging 10-piece wedding+events band seeks Promoter/Manager/Publicist","3 income streams: commission from gigs;...Ruby Wedding & Event Band","2/25","East Bay","https://images.craigslist.org/d/7917602307/00e0e_5BC6LWaydcf_0pJ0t2_50x50c.jpg"
"https://sfbay.craigslist.org/sfc/fbh/d/san-francisco-events-director-san/7917394490.html","https://www.craigslist.org/images/d/7917394490/empty.png","Events Director – San Francisco (Hospitality Group, 12 Venues)","$60-$70,000+commissions on bookable sal...","2/24","city of san francisco",""
"https://sfbay.craigslist.org/sfc/mar/d/san-francisco-social-media-community/7917379128.html","","Social Media & Community Growth Manager (Commission-Based)","$30/hr plus 10% commission and bonusesFunny Friends","2/24","glen park","https://images.craigslist.org/d/7917379128/01111_82I2z2hCzf2_03802S_50x50c.jpg"
"https://sfbay.craigslist.org/nby/npo/d/olema-clam-is-hiring-senior-development/7917289928.html","https://www.craigslist.org/images/d/7917289928/empty.png","CLAM is Hiring a Senior Development Director","$125,000–$135,000 Excellent health, den...Community Land Trust Association of West Marin","2/24","west marin",""
"https://stockton.craigslist.org/sls/d/tracy-work-from-home-no-experience/7917178364.html","","🚀 WORK FROM HOME | NO EXPERIENCE NEEDED | UNLIMITED EARNING POTENTIAL!","Commission/ Renewals/ Trails/ ResidualExertus Financial Partners","2/23","San jose","https://images.craigslist.org/d/7917178364/00J0J_8vJ0UB4xfHl_0CI0CI_50x50c.jpg"
"https://sfbay.craigslist.org/sby/npo/d/san-jose-childrens-entrepreneur-market/7917129761.html","","🌟 Children’s Entrepreneur Market Manager – Part-Time","In the listingChildren's entrepreneur market","2/23","san jose downtown","https://images.craigslist.org/d/7917129761/00l0l_7AEY7w1HuEH_0hq0lM_50x50c.jpg"
"https://sfbay.craigslist.org/eby/egr/d/oakland-measuring-for-as-builts-plan/7917086345.html","https://www.craigslist.org/images/d/7917086345/empty.png","Measuring for As Builts,  Plan Submittals and Drafting","$33-$36/HR","2/23","oakland downtown",""
"https://sacramento.craigslist.org/sls/d/elk-grove-part-time-sales-rep-weekly/7917004762.html","","Part Time Sales Rep - Weekly Pay - Apply Now","$26.50 base - appt, weekly payVector Marketing","2/23","Elk Grove","https://images.craigslist.org/d/7917004762/00000_kcIvENcEpxu_0jm0aa_50x50c.jpg"
"https://sfbay.craigslist.org/sfc/sls/d/san-francisco-help-individuals-families/7916971537.html","https://www.craigslist.org/images/d/7916971537/empty.png","Help Individuals & Families Get Financially Organized","Pay $20,000-$250,000+ Commission onlyTransamerica. / WFG","2/22","All areas",""
"https://sfbay.craigslist.org/sfc/spa/d/san-francisco-your-perfect-salon-suite/7916704670.html","","Your Perfect Salon Suite in San Francisco is Move-In Ready!","Independent ownerBeRadiant Salon Suites","2/21","richmond / seacliff","https://images.craigslist.org/d/7916704670/00Z0Z_hh7DTXJes3i_0kE0dS_50x50c.jpg"
"https://sfbay.craigslist.org/eby/acc/d/pleasanton-tax-accountant/7916582079.html","https://www.craigslist.org/images/d/7916582079/empty.png","Tax Accountant","$25-$35 per hour, depending on experien...","2/20","dublin / pleasanton / livermore",""
"https://sfbay.craigslist.org/eby/edu/d/san-francisco-pre-teacher/7916540588.html","","Pre-K Teacher","$30-$32 hourly, DOE and credentials, pl...Family Connections Centers","2/20","San Francisco","https://images.craigslist.org/d/7916540588/01616_kRYNKfGdRAf_0af09N_50x50c.jpg"
"https://sfbay.craigslist.org/sby/ofc/d/san-jose-admin-assistant/7916471540.html","https://www.craigslist.org/images/d/7916471540/empty.png","Admin Assistant/Bookkeeper(approximately 30 - 40 hours per week)","$30.00/Hr","2/20","san jose north",""
"https://sfbay.craigslist.org/eby/lab/d/concord-housecleaning-company-is/7916310985.html","https://www.craigslist.org/images/d/7916310985/empty.png","HOUSECLEANING COMPANY IS LOOKING FOR A FEMALE SUPERVISOR","$150/dayEH Clean","2/19","concord / pleasant hill / martinez",""
"https://sfbay.craigslist.org/sby/hum/d/san-jose-hr-director-solo-practioner/7916282019.html","","HR Director - Solo practioner for Non Profit","130-140K DOEMonroe Personnel Service LLC","2/19","san jose east","https://images.craigslist.org/d/7916282019/00O0O_fxXFQ9osobg_084084_50x50c.jpg"
"https://sfbay.craigslist.org/eby/rej/d/walnut-creek-office-administrator/7916169355.html","https://www.craigslist.org/images/d/7916169355/empty.png","Office Administrator","$25/hr","2/19","walnut creek",""
"https://sfbay.craigslist.org/sfc/sls/d/san-francisco-global-sales-director-san/7916166567.html","https://www.craigslist.org/images/d/7916166567/empty.png","Global Sales Director - San Francisco","Forward Air","2/19","city of san francisco",""
"https://sfbay.craigslist.org/nby/ofc/d/santa-rosa-project-coordinator/7916096675.html","https://www.craigslist.org/images/d/7916096675/empty.png","Project Coordinator","$30.00+ Depending on Experience and Per...National Storage Tank","2/18","santa rosa",""
"https://sfbay.craigslist.org/eby/edu/d/berkeley-geophysical-data-acquisition/7916046116.html","https://www.craigslist.org/images/d/7916046116/empty.png","Geophysical Data Acquisition & Quality Team Lead (6350C)","","2/18","east bay area",""
"https://sfbay.craigslist.org/sby/bus/d/san-jose-construction-estimator/7916031041.html","https://www.craigslist.org/images/d/7916031041/empty.png","Construction  Estimator","Compensation based on experienceVenegas Construction","2/18","san jose north",""
"https://sfbay.craigslist.org/nby/egr/d/novato-senior-project-architect-manager/7915880098.html","https://www.craigslist.org/images/d/7915880098/empty.png","Senior Project Architect/Manager","Based on ExperianceCJK Design Collaborative, Inc.","2/17","novato",""
"https://sacramento.craigslist.org/fbh/d/sacramento-kitchen-staff-needed/7915832934.html","https://www.craigslist.org/images/d/7915832934/empty.png","Kitchen Staff Needed","Depending on ExperienceTarget Hospitality","2/17","West Texas",""
"https://sacramento.craigslist.org/fbh/d/sacramento-housekeepers-needed/7915831885.html","https://www.craigslist.org/images/d/7915831885/empty.png","Housekeepers Needed","Depending on ExperienceTarget Hospitality","2/17","West Texas",""
"https://sfbay.craigslist.org/nby/hea/d/corte-madera-licensed-clinician/7915805281.html","https://www.craigslist.org/images/d/7915805281/empty.png","Licensed Clinician Opportunity - Bay Area Center for ADHD","$120–$250 per session, depending on exp...","2/17","corte madera",""
"https://sfbay.craigslist.org/pen/hea/d/palo-alto-licensed-clinician/7915804013.html","https://www.craigslist.org/images/d/7915804013/empty.png","Licensed Clinician Opportunity - Bay Area Center for ADHD (palo alto)","$120–$250 per session, depending on exp...","2/17","palo alto",""
"https://sfbay.craigslist.org/nby/gov/d/olema-community-land-trust-of-west/7915796256.html","https://www.craigslist.org/images/d/7915796256/empty.png","Community Land Trust of West Marin/Hiring Senior Dev. Director","$125,000–$135,000 Excellent health, den...Community Land Trust Association of West Marin","2/17","west marin",""
"https://sfbay.craigslist.org/nby/mar/d/olema-clam-is-hiring-senior-development/7915780798.html","https://www.craigslist.org/images/d/7915780798/empty.png","CLAM is Hiring a Senior Development Director","$125,000–$135,000 Excellent health, den...Community Land Trust Association of West Marin","2/17","west marin",""
"https://sfbay.craigslist.org/eby/trd/d/vallejo-heavy-equipment-operators/7915634183.html","https://www.craigslist.org/images/d/7915634183/empty.png","Heavy Equipment Operators - Vallejo, CA","$50/HRTrillium Construction","2/16","vallejo / benicia",""
"https://sfbay.craigslist.org/eby/acc/d/hayward-tax-preparer-with-great/7915559201.html","https://www.craigslist.org/images/d/7915559201/empty.png","TAX! Preparer with great accuracy (Hayward / Castro Valley)","Approx. $28/hr DOE, bonuses and year ro...","2/16","fremont / union city / newark",""
"https://sacramento.craigslist.org/mar/d/sacramento-telehealth-sales/7915494543.html","","Telehealth Sales Representative","Pay: $26.00 - $30.00 per hour; Addition...Emerge Health Connect","2/16","","https://images.craigslist.org/d/7915494543/00L0L_psgCffwySe_0kE0gw_50x50c.jpg"
"https://sfbay.craigslist.org/eby/ofc/d/richmond-administrative-assistant-part/7915047908.html","https://www.craigslist.org/images/d/7915047908/empty.png","Administrative Assistant: Part-Time, On-Site in Point Richmond","$30/hrJournal Club","2/13","richmond / point / annex",""
"https://sfbay.craigslist.org/nby/wri/d/santa-rosa-handwriting-contractor/7915032846.html","https://www.craigslist.org/images/d/7915032846/empty.png","Handwriting Contractor– Envelope & Greeting Card Addressing Santa Rosa","$1.50 per envelope addressed $1.50 per ...","2/13","santa rosa",""
"https://sfbay.craigslist.org/nby/ofc/d/larkspur-personal-assistant-for-local/7914965254.html","https://www.craigslist.org/images/d/7914965254/empty.png","Personal Assistant for local small-business owner","$30-40/hourThe York","2/13","north bay / marin",""
"https://sfbay.craigslist.org/eby/hea/d/pleasanton-ibh-staff-therapist-lcsw/7914816403.html","https://www.craigslist.org/images/d/7914816403/empty.png","IBH Staff Therapist - LCSW/Psychologists/LPCC","$93,600 - $130,000 Per YearAxis Community Health","2/12","east bay area",""
"https://sfbay.craigslist.org/eby/acc/d/walnut-creek-bookkeeper-for-commercial/7914803124.html","https://www.craigslist.org/images/d/7914803124/empty.png","Bookkeeper for Commercial Retail Properties","$35/hr","2/12","walnut creek",""
"https://sfbay.craigslist.org/nby/sci/d/novato-senior-research-associate/7914775338.html","https://www.craigslist.org/images/d/7914775338/empty.png","Senior Research Associate / Associate Scientist (in vivo)","Salary range USD 90,000 - 110,000 / yearCyclarity Therapeutics","2/12","novato",""
"https://sfbay.craigslist.org/nby/npo/d/san-rafael-academic-program-coordinator/7914753206.html","https://www.craigslist.org/images/d/7914753206/empty.png","Academic Program Coordinator","Part-Time, Hourly (10-20 hours per week...Enriching Lives through Music","2/12","san rafael",""
"https://modesto.craigslist.org/wri/d/modesto-product-experience-reviewer/7914636813.html","https://www.craigslist.org/images/d/7914636813/empty.png","Product Experience Reviewer","$25","2/12","",""
"https://modesto.craigslist.org/sls/d/modesto-trident-society/7914546616.html","https://www.craigslist.org/images/d/7914546616/empty.png","Trident Society","Hourly wage plus commission and tiered ...Trident Society","2/11","Modesto",""
"https://sfbay.craigslist.org/nby/egr/d/sebastopol-associate-landscape-architect/7914524349.html","","Associate Landscape Architect","Salary commensurate with experiencemerge studio","2/11","sebastopol","https://images.craigslist.org/d/7914524349/00x0x_hsBqx345yGs_0CI0pZ_50x50c.jpg"
"https://sfbay.craigslist.org/sfc/sls/d/fremont-organic-foodie-hiring-managers/7914318523.html","","Organic Foodie Hiring Managers & Sales Representatives","CommissionOtganic Foodie","2/10","city of san francisco","https://images.craigslist.org/d/7914318523/00p0p_7PGSVV3JtDX_0b205e_50x50c.jpg"
"https://sfbay.craigslist.org/sby/fbh/d/cupertino-domaine-eden-wine-tasting/7914309916.html","https://www.craigslist.org/images/d/7914309916/empty.png","Domaine Eden Wine Tasting Experience Host","$20 hourly pay, plus pooled tipsDomaine Eden","2/10","Saratoga",""
"https://sfbay.craigslist.org/eby/ofc/d/oakland-office-manager-bookkeeper/7914274888.html","https://www.craigslist.org/images/d/7914274888/empty.png","Office Manager/ Bookkeeper","D.O.E.","2/10","oakland lake merritt / grand",""
"https://sfbay.craigslist.org/sfc/ofc/d/san-francisco-administrative/7914148653.html","https://www.craigslist.org/images/d/7914148653/empty.png","Administrative Coordinator, JO#6604","$5,933 - $8,305 per monthJudicial Council of California","2/9","downtown / civic / van ness",""
"https://modesto.craigslist.org/csr/d/modesto-bail-bonds-opportunities-sales/7914125949.html","https://www.craigslist.org/images/d/7914125949/empty.png","Bail Bonds Opportunities: Sales on Commission & Postings","$100-$10,000","2/9","Modesto",""
"https://sfbay.craigslist.org/sfc/hum/d/san-francisco-assistant-manager-third/7914120203.html","https://www.craigslist.org/images/d/7914120203/empty.png","Assistant Manager, Third Party Liability & Subrogation $95-$100k","Salary $95 to $100K.. Compensation pack...ILWU-PMA Benefit Plans","2/9","lower pac hts",""
"https://sacramento.craigslist.org/lgl/d/sacramento-attorney-ii-construction/7914114614.html","https://www.craigslist.org/images/d/7914114614/empty.png","Attorney II – Construction / Real Estate (JO#6600), Legal Services","$13,383 - $16,058 per monthJudicial Council of California","2/9","Sacramento",""
"https://sfbay.craigslist.org/nby/med/d/napa-temp-stage-manager/7914097933.html","https://www.craigslist.org/images/d/7914097933/empty.png","Temp Stage Manager","$2,000","2/9","napa county",""
"https://sfbay.craigslist.org/eby/egr/d/berkeley-staff-engineer/7914055638.html","https://www.craigslist.org/images/d/7914055638/empty.png","Staff Engineer","$90,000.00 - $125,000.00 per yearVerdant Structural Engineers","2/9","berkeley",""
"https://sfbay.craigslist.org/sfc/sls/d/san-francisco-title-sales-directors/7914016450.html","","TITLE: Sales Directors Wanted — Build a team of 15, earn 20% + 5% over","$150K–$500K+ OTE | 20% + 5% team overri...Proprioceptive AI, Inc","2/9","downtown / civic / van ness","https://images.craigslist.org/d/7914016450/00A0A_eB3r4UIAmyE_09s09q_50x50c.jpg"
"https://sfbay.craigslist.org/pen/hea/d/palo-alto-seeking-mandarin-speaker-for/7914387742.html","https://www.craigslist.org/images/d/7914387742/empty.png","Seeking Mandarin speaker for caregiving / caregiver (very good gig)","$35/hrLLC on file","2/10","palo alto",""